type,country,id,community
company,Nalakond,Spanish Shrimp  Carriers,2
organization,Unknown,185040354,4
organization,Unknown,4,4
organization,Unknown,860067396,2
organization,Unknown,664738735,2
location,Unknown,77b46bc7-7e31-41a0-973c-e633011d21b0,1
organization,Unknown,7,4
organization,Unknown,7,4
organization,Unknown,35,4
political_organization,Unknown,6406040,4
person,Country_271835,Jamie Knox,4
organization,Unknown,3506021,2
political_organization,Unknown,348079,2
political_organization,Unknown,78,2
organization,Unknown,300668979,2
organization,Unknown,2,6
organization,Unknown,5,0
organization,Unknown,7298083,4
organization,Unknown,9,0
organization,Unknown,8698,7
person,Country_271835,Claire Russell,7
organization,Unknown,964,7
organization,Unknown,93873119,4
person,Country_271835,Jeremy Cordova,6
location,Unknown,602ea158-0519-47fc-badc-787721580418,6
location,Unknown,f20779bf-63b5-4ea4-bb5f-944bb9449bce,6
organization,Unknown,349,6
organization,Unknown,84616,6
location,Unknown,ee05a28e-82ba-4f1d-a60f-68797a422ada,2
organization,Unknown,83,2
Uncategorized,Unknown,âunregulatedâ,6
organization,Unknown,2989,4
location,Unknown,df42b319-be6a-4a2e-b11d-c4da7ecfc01c,5
organization,Unknown,185106,5
organization,Unknown,26,6
organization,Unknown,860600018,3
organization,Unknown,435054320,5
vessel,Unknown,Cutter,5
Uncategorized,Unknown,Sept,0
person,Nalakond,John Gonzalez,3
organization,Unknown,9203,6
organization,Unknown,3878194,2
person,Country_271835,Amy Kent,2
Uncategorized,Unknown,Conventionâ,2
vessel,Unknown,water fishing,6
organization,Unknown,760079,6
organization,Unknown,3009706,6
location,Unknown,0f5fd4f9-1683-464e-9459-a4488de5064b,2
organization,Unknown,449308,4
organization,Unknown,200640636,2
person,Country_271835,Debbie Daniel,2
company,Country_628643,png xi  Line,6
organization,Unknown,7361,4
organization,Unknown,5848,2
location,Unknown,d5b94ebc-e03a-438e-872b-a15db349a748,6
person,Country_271835,Ashley Wiggins,6
organization,Unknown,737205,4
person,Country_271835,Clayton Rodgers,6
person,Country_271835,Randy Collins,6
person,Country_271835,Brandon Berger,6
organization,Unknown,4783,6
organization,Unknown,47924922,7
political_organization,Unknown,12845006,7
organization,Unknown,9488645,7
person,Merigrad,Lauren Moore,4
Uncategorized,Unknown,âlocalâ,4
Uncategorized,Unknown,Leominster Provincetownâ,4
location,Unknown,371bf15a-3000-499a-88e4-cc096b028ec7,2
political_organization,Unknown,913428,2
person,Country_271835,Jason Davis,7
person,Country_271835,Kyle Stanton,6
company,Vesperlandia,Mar del Oeste Pic,6
organization,Unknown,8327,5
organization,Unknown,40213337,5
vessel,Unknown,cutters,5
vessel,Unknown,Coast,5
event,Unknown,Today,5
organization,Unknown,4146760,6
organization,Unknown,9786,2
person,Country_271835,Stephanie Garner,2
person,Country_271835,Jeremy Norris,5
vessel,Unknown,Ocean Tuna,4
organization,Unknown,262157542,4
organization,Unknown,46194,4
organization,Unknown,9204971,4
organization,Unknown,2230601,4
vessel,Unknown,Explorer,6
organization,Unknown,36295,2
person,Country_271835,Jeremiah Delacruz,2
event,Unknown,âsquids,2
event,Unknown,âclams,2
event,Unknown,Octopus,2
organization,Unknown,60253,2
organization,Unknown,13015105,2
event,Unknown,âSocioeconomic,2
person,Country_271835,Jeffrey Yates,6
organization,Unknown,1465792,6
organization,Unknown,657,6
organization,Unknown,760402,6
person,Country_271835,Tyler Brown,5
company,Country_271835,Cape of Good Hope  Oyj,6
organization,Unknown,874124852,6
location,Unknown,705283b0-cdb7-4f0a-8481-b3fea243a8e5,6
vessel,Unknown,Boat,5
person,Country_271835,Teresa Rivera,5
vessel,Unknown,salmon,6
person,Country_271835,George Ramirez,6
organization,Unknown,7320771,2
organization,Unknown,94760735,2
Uncategorized,Unknown,Aleut Community St,7
Uncategorized,Unknown,KanuuxÌ,7
location,Unknown,e8036bce-0679-41d2-aa7b-d444163ae65a,7
Uncategorized,Unknown,âSewardâs Follyâ,6
Uncategorized,Unknown,âAlaÄum KanuuxÌ,7
organization,Unknown,42603647,4
organization,Unknown,8544797,4
organization,Unknown,5070599,4
organization,Unknown,8966,4
organization,Unknown,39,4
location,Unknown,e53552bc-174b-4799-b96b-c23cfa0731cb,3
organization,Unknown,9166,3
organization,Unknown,48,5
location,Unknown,c14a3dc1-59d0-4b92-b9f3-331e51912787,0
organization,Unknown,505943,4
organization,Unknown,79538,1
person,Country_271835,Kevin Norton,1
Uncategorized,Unknown,âgreenâ,6
organization,Unknown,36,6
person,Country_271835,Amy Wise,0
location,Unknown,52093e45-b873-4300-9612-8dfc291b1339,2
organization,Unknown,528,6
person,Country_271835,Christopher Miller,0
Uncategorized,Unknown,ipoa-iuu,2
location,Unknown,2ceda972-c633-4a88-bbe8-a4fe48cb5555,2
Uncategorized,Unknown,Torremolinos,2
Uncategorized,Unknown,International-Convention,2
Uncategorized,Unknown,imo,2
vessel,Unknown,Spy,6
person,Country_542476,Thomas Morales,0
person,Country_271835,Morgan Black,7
person,Oceanus,Kristine Vaughn,3
organization,Unknown,1301719,6
person,Country_271835,Carlos White,7
person,Country_271835,Robert Adams,6
person,Country_271835,Brandon Jackson,6
Uncategorized,Unknown,ââ,0
event,Unknown,âHe,1
organization,Unknown,314,2
organization,Unknown,979893388,0
person,Country_271835,Tammy Ryan,6
location,Unknown,e1d7b4ac-ed31-42a4-9375-4afb0f78f276,5
person,Country_271835,Mary Horton,5
vessel,Unknown,cutter James,5
location,Unknown,1da2bc5a-e590-41c9-9982-2ade48dfc426,2
organization,Unknown,842229565,4
person,Country_271835,Dylan Roberts,3
vessel,Unknown,Hang,3
organization,Unknown,41695239,6
organization,Unknown,489,6
location,Unknown,7c54563c-577c-462f-8e30-389b510c776a,6
event,Unknown,Morning,6
person,Country_271835,Jennifer Simmons,6
organization,Unknown,833355,6
organization,Unknown,613281364,6
organization,Unknown,801809,6
person,Country_271835,Angela Spencer,5
organization,Unknown,65,6
organization,Unknown,58745,6
organization,Unknown,678,6
organization,Unknown,6393,2
location,Unknown,34f0cbbf-83c3-4e09-ad7a-b94a778f7c12,6
person,Country_271835,Madison Edwards,0
person,Marebak,Calvin Salas,7
organization,Unknown,685607,1
person,Wysterion,Tristan Johnson,7
person,Country_271835,Andrew Gamble,6
organization,Unknown,492238508,2
person,Country_709784,Anita Tate,2
organization,Unknown,4447143,2
location,Unknown,36b70b18-465a-442f-bfbe-cedb85d48acc,6
organization,Unknown,13,6
vessel,Unknown,reefers,1
person,Country_271835,Kimberly Lara,3
person,Country_271835,Danielle Camacho,1
person,Country_271835,Mr. Justin Bailey MD,4
person,Country_271835,Jennifer Brown,6
person,Country_271835,John Barnes DDS,0
organization,Unknown,9590898,0
person,Arreciviento,Joshua Garrett,0
organization,Unknown,95230042,0
organization,Unknown,21240092,0
organization,Unknown,7234,0
person,Country_271835,Mary Jenkins,4
political_organization,Unknown,75835980,4
organization,Unknown,23774,4
person,Luminsia,Nicole Smith,4
organization,Unknown,9992346,4
organization,Unknown,227,4
person,Country_271835,Jennifer Reilly,0
person,Country_271835,Christopher Hernandez,7
organization,Unknown,116070050,6
location,Unknown,b47086b0-e225-436a-83b1-2cf5cda4dbd5,6
organization,Unknown,613465161,6
location,Unknown,88a1fe65-33d9-487a-a3ac-d4208f41b754,5
person,Country_271835,Jenna Barton,5
person,Country_271835,Jessica Owens,6
location,Unknown,88e9e7e8-3edf-4fd4-959d-8ec4f53e59d6,6
organization,Unknown,67909,2
location,Unknown,e09b64a2-397a-4bec-96a1-7d61479fe37a,6
organization,Unknown,1012,4
person,Country_271835,Kayla Reynolds,4
organization,Unknown,724,4
person,Country_271835,Alyssa Mccoy,6
person,Country_271835,James Hernandez,6
location,Unknown,1f899410-3447-48e7-bcb3-cbff10619e86,6
person,Country_271835,Christopher Simon,3
person,Country_271835,Lauren Jackson DDS,7
event,Unknown,ï¬shes,7
event,Unknown,ï¬sh,7
person,Country_990614,Darren Wilson,0
person,Country_271835,Andrew Miller,0
person,Country_271835,Krystal Lee,0
organization,Unknown,506986590,4
organization,Unknown,7321,4
organization,Unknown,647724,4
organization,Unknown,1214936,4
person,Country_271835,Laurie Clark,6
organization,Unknown,7548555,0
vessel,Unknown,ARA Contraalmirante Cordero,0
organization,Unknown,461553,2
person,Oceanus,Rebecca Fox,6
person,Country_271835,Brandy Williams,0
location,Unknown,d6968538-6f18-4a1c-a4e2-59de3c0e25c2,0
person,Country_271835,Robert Vega,0
person,Oceanus,Frederick Hunter,5
location,Unknown,06c161ac-e601-493f-b8df-839382e16a74,6
vessel,Unknown,USS Hurricane,4
vessel,Unknown,PC,4
person,Country_271835,Tara Hanson,1
person,Country_271835,Wesley Vasquez,1
person,Marebak,Anthony Le,3
person,Country_271835,Jo Francis,1
person,Country_271835,Stephanie Thompson,1
person,Country_271835,Michael Baker,6
person,Country_271835,Sabrina Zamora,1
person,Country_271835,Hannah Chandler,1
political_organization,Unknown,91,7
organization,Unknown,72875,2
person,Country_443882,Heidi Kline,5
organization,Unknown,863749817,5
organization,Unknown,475,5
organization,Unknown,567217,5
vessel,Unknown,Oliver,5
person,Country_271835,Amanda Becker,5
person,Country_271835,Jonathan Spence,6
person,Country_271835,Ann Flowers,6
organization,Unknown,60774,6
person,Marebak,Anna Smith,3
organization,Unknown,760219951,4
political_organization,Unknown,36744944,0
location,Unknown,6b58646e-1d3a-4b72-b8a0-9f57c296d73d,6
location,Unknown,b636c0f8-2ddf-42ad-9f9c-73bd48682561,5
person,Country_271835,Samuel Stokes,7
person,Oceanus,Marcus English,2
event,Unknown,yearsâthat,4
political_organization,Unknown,950574,4
Uncategorized,Unknown,Pacific Island States United Statesâ,4
Uncategorized,Unknown,territory American Samoa,4
organization,Unknown,7892,4
organization,Unknown,1415,2
organization,Unknown,3433,2
person,Country_271835,Kara Sullivan,2
person,Country_271835,Shawna Welch,6
organization,Unknown,89526932,5
location,Unknown,c66f5cd5-3891-43ce-a3f8-0147b3d643b1,6
location,Unknown,032522db-8105-4c26-8142-ae9d5806f7c5,6
person,Country_271835,Robin Fernandez,4
person,Country_271835,Diana Kelley,6
person,Country_271835,Miranda Small,6
person,Country_271835,Stacey Ortega,2
location,Unknown,da7677f8-d1f0-4e35-afe9-4240613e866b,6
organization,Unknown,48115,6
person,Mawazam,Rhonda Sullivan,6
organization,Unknown,903311212,6
location,Unknown,1710a32e-7a58-4d7f-9c5e-bf897b7419a3,6
person,Country_271835,Daniel Shaffer,6
person,Country_271835,Joshua Hammond,1
person,Country_230197,Samuel Cross,6
Uncategorized,Unknown,DECEUNINCK,6
person,Oceanus,Rhonda Price,6
location,Unknown,e0cdfc51-7473-481d-8900-03f66d6e359e,7
person,Country_271835,Ricardo Gomez,7
organization,Unknown,75471,7
movement,Unknown,14 months,7
event,Unknown,âcatch,2
event,Unknown,âtotal,2
Uncategorized,Unknown,âMoby-Dickâ,7
location,Unknown,04eab3c4-ed99-467b-8844-b5279a6b955e,6
person,Country_271835,Amanda Santana,7
person,Country_271835,Dana Macias,7
organization,Unknown,34153143,7
Uncategorized,Unknown,âTheoretically,7
person,Uzilandor,Jonathan Torres,7
person,Country_271835,Gary Dunn,7
organization,Unknown,721436,7
person,Country_271835,Linda Holden,7
person,Country_271835,Donna Romero,7
person,Country_271835,Amanda Garcia,7
vessel,Unknown,bottom otter trawler,6
organization,Unknown,1559,4
location,Unknown,da91eeb8-11f7-4634-95e7-f9413e9957aa,6
organization,Unknown,779,4
organization,Unknown,428,4
Uncategorized,Unknown,FlodstrÃ,6
person,Country_271835,Madeline Collins,6
person,Country_271835,Brittany Brewer,6
Uncategorized,Unknown,allAfrica,2
organization,Unknown,900338,2
organization,Unknown,665912557,0
person,Country_271835,Danielle Perry,5
person,Country_271835,Laurie Mclaughlin,6
event,Unknown,morningâs,3
person,Country_271835,Anna Thomas MD,3
person,Oceanus,Michele Black,3
Uncategorized,Unknown,Â£800,3
person,Country_699698,Tonya Key,3
location,Unknown,813be272-d3de-43c9-90be-ab14231fcf17,3
event,Unknown,âSay,3
person,Country_271835,Stacey Ortiz,3
person,Oceanus,Scott Simpson,3
person,Country_271835,Loretta Harrington,3
organization,Unknown,203,3
organization,Unknown,99661834,4
location,Unknown,950ce1a6-a178-4e3e-9316-91ab7ca88664,6
political_organization,Unknown,221942,1
location,Unknown,0d1c7ce3-7243-47c0-9280-a3262b52dc0f,7
organization,Unknown,327277616,3
organization,Unknown,637608,3
person,Country_271835,Benjamin Barton,3
organization,Unknown,5337,3
vessel,Unknown,underwater,6
Uncategorized,Unknown,waterâ,6
person,Country_271835,Mrs. Katrina Williams,6
organization,Unknown,13249468,5
vessel,Unknown,Aine,6
Uncategorized,Unknown,intrafish,2
person,Country_271835,Blake Smith,0
organization,Unknown,42990314,0
Uncategorized,Unknown,âpoachedâ,6
Uncategorized,Unknown,krxd,6
vessel,Unknown,operated vehicle,6
vessel,Unknown,Snow Crab,6
person,Country_271835,Carol Wade,6
person,Islavaria,Dana Knapp,6
company,Country_322527,Diao yu bi sai Tidal BV Export,6
person,Oceanus,Patricia Flores,6
organization,Unknown,4657860,0
person,Country_271835,Lauren Garner,6
organization,Unknown,806,6
company,Country_271835,Madhya Pradesh Market Pic Transportation,3
organization,Unknown,3308429,0
person,Country_712875,Wendy Miller,0
political_organization,Unknown,838200939,3
person,Country_271835,Jennifer Washington,4
person,Country_271835,Peter Bush,4
person,Country_57382,Justin Fowler,4
organization,Unknown,120,4
organization,Unknown,2422788,4
Uncategorized,Unknown,MCDP,4
location,Unknown,c97073d1-61a4-4a06-a189-8b4642a699e1,4
political_organization,Unknown,66,4
organization,Unknown,6204,6
location,Unknown,96c31987-d50d-4680-9397-2a9d0e3946e1,5
vessel,Unknown,sailboat Freeport,5
vessel,Unknown,Perch,6
person,Country_271835,George Vance,6
vessel,Unknown,CraftâLaw,5
vessel,Unknown,Ocean Patrol,0
vessel,Unknown,ARA Bouchard,0
person,Country_271835,Kristin Dawson,1
person,Country_271835,Lindsey Conway,6
person,Country_271835,Ryan Perez,5
location,Unknown,dd3f2822-2964-4d18-92c2-7a6db4b4a9e5,5
organization,Unknown,6567453,5
organization,Unknown,4086,6
location,Unknown,a0ea93dc-6767-4682-b424-21b5a24ea24b,6
person,Country_271835,Darin Torres,2
person,Country_271835,Kevin Morris,2
location,Unknown,5025f249-0b3c-4741-a7aa-090d93395acf,6
location,Unknown,111274e2-c155-4640-9a8e-f506f3fbca06,6
location,Unknown,aac2c35c-d06d-45df-a1f8-a0c4001f3897,6
person,Country_271835,James Horton,6
person,Country_271835,Brian Hansen,7
person,Country_271835,Michelle Jackson,6
political_organization,Unknown,17592,0
location,Unknown,5d1f2e9c-f74a-41e9-974f-9b4e57edc9d7,0
person,Country_271835,Katherine Chavez,6
person,Country_271835,Stephen Marks,6
person,Country_271835,Michelle Long,6
Uncategorized,Unknown,âlaughableâ,7
organization,Unknown,299,7
person,Country_271835,Jennifer Barber,7
person,Country_271835,Ryan Hudson,7
person,Country_271835,John Avila,6
organization,Unknown,2362,6
organization,Unknown,519852438,7
Uncategorized,Unknown,âlegitimateâ,7
person,Country_271835,William Kim,7
person,Country_271835,Jeffrey Strong,0
person,Country_271835,Susan Williams,0
location,Unknown,8851578d-3dd7-4430-8f73-b95305eb1f03,5
political_organization,Unknown,8634589,0
organization,Unknown,7260903,0
company,Country_271835,su y CJSC Canal,0
location,Unknown,cc3c9a3e-9226-43e0-9c2e-2cabec77b0fc,6
political_organization,Unknown,9345,1
person,Polarisdom,Jon White,1
person,Country_614826,Emily Kennedy,3
person,Country_271835,Kevin Burnett,1
organization,Unknown,218148,1
person,Country_271835,Rebecca Walker,1
location,Unknown,decfc924-5bdc-4fba-8bbd-bb57d8d478d9,1
person,Polarisdom,Amanda Scott,1
Uncategorized,Unknown,22 Raptor,1
company,Polarisdom,Estrella del Mar Inc Merchants,1
person,Country_271835,Gerald Washington,1
person,Country_271835,Jessica Kelly,1
organization,Unknown,60017,1
person,Country_271835,Scott Johnson,0
person,Country_271835,Melissa Bates,3
person,Country_271835,Sylvia Johnson,6
person,Country_271835,Seth Kelley,0
person,Country_271835,Wanda Collins,6
organization,Unknown,5362,7
person,Country_271835,Dr. Christina Jensen DDS,5
person,Country_271835,Lindsey Barr,6
Uncategorized,Unknown,Filkinsâ,6
person,Country_271835,Amanda Rogers,5
organization,Unknown,4852,5
vessel,Unknown,electric cars,6
location,Unknown,b8649055-5b40-43e1-ba33-93182cf978d4,6
location,Unknown,1bf22b98-519c-4131-8bb4-53ecdd193100,6
organization,Unknown,8503254,7
person,Country_271835,Randall Newman,6
person,Country_271835,Austin Simpson,0
location,Unknown,b1d6e468-f3c5-45f3-90a2-e76b2f329b2d,0
person,Country_271835,Grace Perez,0
person,Country_271835,Travis Rivera,0
person,Country_271835,Larry Morrow,0
person,Country_271835,Tammy Martin,0
political_organization,Unknown,436460757,0
Uncategorized,Unknown,brianbushard,0
Uncategorized,Unknown,siladityaray,0
person,Country_271835,Jeremy Woodard,0
organization,Unknown,8302,0
political_organization,Unknown,6352,0
person,Country_271835,Paul Wiley,0
person,Country_271835,Miranda Long,0
person,Country_271835,Michelle Kelley,0
person,Country_271835,Marvin Everett,0
person,Country_271835,Joseph Williams,0
political_organization,Unknown,176,0
person,Country_271835,Scott Anderson,0
Uncategorized,Unknown,âenticedâ,0
Uncategorized,Unknown,âPartnersâ,6
organization,Unknown,3657479,6
Uncategorized,Unknown,The Defendantsâ,6
location,Unknown,86ac9e66-f9e8-4f2b-ad17-39a52c23288c,6
location,Unknown,6ffd3349-37f4-48c5-bc9a-1b80e722e939,0
company,Country_271835,Danish Lobster Limited Liability Company Brothers,6
organization,Unknown,352,6
movement,Unknown,In month,6
person,Country_271835,Candice Brown,6
person,Country_271835,Vincent Cummings,6
Uncategorized,Unknown,Hardwoodsâ,6
location,Unknown,f64e747e-13de-4628-b939-92a8ff4eb03f,2
person,Country_244549,Julie Callahan,0
location,Unknown,68ac10aa-80a3-4b3c-99e5-f5708715ab2c,0
Uncategorized,Unknown,Pitâ,2
person,Country_271835,David Romero,6
person,Country_271835,Elizabeth Armstrong,7
person,Country_271835,Melissa Brock,7
organization,Unknown,39033859,4
organization,Unknown,62532,4
organization,Unknown,649009867,4
person,Country_271835,Robert Rodriguez,6
location,Unknown,cd7cb49f-0021-4fe9-a3a9-cc8b3fce0c57,6
person,Country_271835,Andrew Harrison,5
person,Country_271835,Bryan King,6
person,Country_271835,Manuel Hess,6
vessel,Unknown,Motor Vessel,6
organization,Unknown,24996,6
organization,Unknown,90411963,6
location,Unknown,114d2882-b620-4098-bb56-d865bbb85339,2
person,Country_271835,Christopher Moore,2
organization,Unknown,28890617,5
organization,Unknown,14636,6
event,Unknown,Storm,6
person,Country_271835,Diane Forbes,0
person,Country_271835,Dawn Robinson,0
person,Country_271835,Nathaniel Shah,6
person,Country_271835,Stephen Peterson,6
company,Oceanus,hi xng BV Carriers,6
person,Country_271835,Martin Jones,6
person,Country_271835,Chad Ruiz,6
organization,Unknown,687878,6
organization,Unknown,368951,6
location,Unknown,c0ce6d15-622b-42a3-b892-f5efe5b4d00c,6
location,Unknown,a086a63d-19c7-4241-845a-f82c628d09a2,6
person,Country_271835,Brett Lee,6
person,Country_271835,Noah Mitchell,6
location,Unknown,037acfda-0d33-4ce8-8907-fe7da3e27dff,6
Uncategorized,Unknown,âexemplaryâ,6
location,Unknown,332bb88e-0a63-41e3-8a27-87795fd552e9,6
event,Unknown,course years,6
organization,Unknown,440,7
location,Unknown,4294544a-9643-4cfd-97a0-ac656cb17e60,7
person,Country_271835,Hannah Ray,6
person,Country_271835,Nicholas King,6
organization,Unknown,214883455,7
location,Unknown,e69d4cb2-8bec-4496-8518-7426c6b9da65,4
company,Country_271835,Kagera River  GmbH & Co. KG Delivery,7
organization,Unknown,715490,7
person,Country_271835,Terri Rodriguez,6
person,Country_271835,Margaret Hodges,6
organization,Unknown,613556,0
organization,Unknown,979294,6
organization,Unknown,5246016,6
organization,Unknown,64667049,6
person,Country_271835,Travis Sparks,4
person,Country_271835,Deborah Porter DDS,4
Uncategorized,Unknown,âshark finâ,6
location,Unknown,bc507d7c-29c9-4b0d-909e-52dd450a25d3,6
person,Country_271835,Cody Lewis,6
Uncategorized,Unknown,13d79d632036,0
person,Country_271835,Laura Smith,6
Uncategorized,Unknown,2038650116,0
Uncategorized,Unknown,sectors sectors 2033,7
person,Country_271835,Kelly Mccarthy,1
location,Unknown,3eed159b-e98e-4f8a-98c2-c34341435411,5
person,Country_271835,Curtis Grant,6
person,Country_271835,Lindsay Bennett,6
location,Unknown,f514483d-fb5f-4cb2-bb8d-b616b10336d8,2
location,Unknown,165e0fe7-6725-4f4c-abc1-3ef485a939b0,6
organization,Unknown,FishEye International,5
Uncategorized,Unknown,Ancla Azul Company Solutions,1
Uncategorized,Unknown,Guessl,2
Uncategorized,Unknown,Federated,2
Uncategorized,Unknown,l y S.A. de C.V. International,2
Uncategorized,Unknown,SeaSpray Wave SRL Solutions,6
Uncategorized,Unknown,Ocean Fisheries Llc,6
Uncategorized,Unknown,Fisherman'sFriend Charter Boat S.A. de C.V. Freight ,5
Uncategorized,Unknown,Faurtil FÃ¡brica Urnas TietÃª,6
Uncategorized,Unknown,Fish Sea,2
Uncategorized,Unknown,Sea Products,2
Uncategorized,Unknown,Ex-Lax,4
Uncategorized,Unknown,Fishisland,4
Uncategorized,Unknown,âGenev,5
Uncategorized,Unknown,Oceanfront Oasis Inc Carriers,5
Uncategorized,Unknown,Qingdao Kaiyuan Seafoods,2
Uncategorized,Unknown,Mar de la Vida OJSC,1
Uncategorized,Unknown,West Bengal S.A. de C.V.,6
Uncategorized,Unknown,Fisheries Inc,4
Uncategorized,Unknown,Getis-Ord,2
Uncategorized,Unknown,Bergmanâs,3
Uncategorized,Unknown,Conduct Joint,5
Uncategorized,Unknown,âTrials,6
Uncategorized,Unknown,BPâs,6
Uncategorized,Unknown,Shellfish Chile SA,6
Uncategorized,Unknown,Mar de Cristalino Co,6
Uncategorized,Unknown,SaltwaterSavor Shipyard LC Merchants,6
Uncategorized,Unknown,Petroleum Vapor Intrusion,4
Uncategorized,Unknown,The Salty Dog Tidepool Kga Transport,7
Uncategorized,Unknown,Stock SA,6
Uncategorized,Unknown,Aqua Ambassadors Limited Liability Company,7
Uncategorized,Unknown,Sea Luxe Oceanography Kga Transportation,7
Uncategorized,Unknown,Blue Water Ventures Kga,6
Uncategorized,Unknown,Bloomberg Law,6
Uncategorized,Unknown,âCinder,2
Uncategorized,Unknown,Kariba Dam  N.V. Brothers,2
Uncategorized,Unknown,Tuna Vietnam,1
Uncategorized,Unknown,Marine Foods,4
Uncategorized,Unknown,3 Ltd. Liability Co,2
Uncategorized,Unknown,Hudsons Bay,7
Uncategorized,Unknown,STL,6
Uncategorized,Unknown,Jharkhand s GmbH & Co. KG,6
Uncategorized,Unknown,Phillips,6
Uncategorized,Unknown,Rose,6
Uncategorized,Unknown,Savaneta Corporation Marine life,3
Uncategorized,Unknown,Michael Limited Liability Company,6
Uncategorized,Unknown,âUS,2
Uncategorized,Unknown,One Hongn,6
Uncategorized,Unknown,Kores De Venezuela C A,3
Uncategorized,Unknown,Faroe Islands Plc Investment,6
Uncategorized,Unknown,Logistics,5
Uncategorized,Unknown,Dispenseroo,6
Uncategorized,Unknown,80 Percent Arms,7
Uncategorized,Unknown,CM Nationali,7
Uncategorized,Unknown,MV,0
Uncategorized,Unknown,Ronald,5
Uncategorized,Unknown,C Express,5
Uncategorized,Unknown,IndÃºstria Madeireira Uliana,6
